board,n_parts,used_area,waste_area,board_area,U
1,10,848.0,52.0,900.0,0.9422222222222222
2,6,876.0,24.0,900.0,0.9733333333333334
3,6,572.0,328.0,900.0,0.6355555555555555
