board,n_parts,used_area,waste_area,board_area,U
1,5,755.0,145.0,900.0,0.8388888888888889
2,10,833.0,67.0,900.0,0.9255555555555556
3,7,708.0,192.0,900.0,0.7866666666666666
