board,n_parts,used_area,waste_area,board_area,U
1,5,147.0,3.0,150.0,0.98
2,6,148.0,2.0,150.0,0.9866666666666667
3,3,58.0,92.0,150.0,0.38666666666666666
