board,n_parts,used_area,waste_area,board_area,U
1,4,854902.0,145098.0,1000000.0,0.854902
2,4,917905.0,82095.0,1000000.0,0.917905
3,2,249023.0,750977.0,1000000.0,0.249023
