variant,U_avg_excl_last2_pct_mean,U_avg_excl_last2_pct_std,U_avg_excl_last_pct_mean,U_avg_excl_last_pct_std,U_avg_pct_mean,U_avg_pct_std,U_best_board_pct_mean,U_best_board_pct_std,U_global_pct_mean,U_global_pct_std,U_last_pct_mean,U_last_pct_std,U_worst_board_pct_mean,U_worst_board_pct_std,U_worst_excl_last_pct_mean,U_worst_excl_last_pct_std,n
baseline_greedy,88.77969955260855,0.0,88.7988848243982,0.0,88.73994779869084,0.0,98.39025127653856,0.0,88.73994779869079,0.0,65.69557074711099,0.0,44.30945982262833,0.0,44.30945982262833,0.0,3
rh_mcts_ref,88.17693329776435,0.3767671044522439,88.1374449496,0.3754332284780529,87.99334910291287,0.46439455937772756,98.4654662725074,0.0,87.99334910291286,0.46439455937773555,31.046452566514375,38.16700545665574,27.60360118247783,32.22606186264185,52.46244289169579,10.754156868276286,3
rh_mcts_prefix_beam,88.97805045105169,0.023735574830295217,88.97500335644081,0.01628453674633106,88.96690418692276,0.0,98.30592134730807,0.07529581709285034,88.96690418692275,8.204640795236539e-15,85.80822807489027,6.3509693310675805,59.86013056526023,8.99793839023062,59.86013056526023,8.99793839023062,3
