{
  "N_board": 392,
  "n_parts_sum": 2429,
  "used_area_sum": 1035511420.2999996,
  "waste_area_sum": 131394179.70000003,
  "board_area_sum": 1166905600.0,
  "U_avg": 0.8873994779869083,
  "U_avg_excl_last": 0.8879888482439819,
  "U_avg_excl_last2": 0.8877969955260855,
  "U_global": 0.8873994779869079,
  "U_last": 0.6569557074711099,
  "U_worst_excl_last": 0.4430945982262833,
  "U_best_board": 0.9839025127653857,
  "U_worst_board": 0.4430945982262833,
  "last2_used_equiv": 1.6197671156947058,
  "sparse_board_count": 4,
  "tail_waste_area": 1021174.25,
  "case": "main_industrial_xlsx6_3seed_3600s__data2",
  "variant": "baseline_greedy",
  "seed": 1002,
  "N_input": 2429,
  "runtime_s": 10.968304599999101,
  "part_area_sum": 1035511420.2999996,
  "board_area_effective": 2940300.0,
  "LB_area": 353,
  "N_board_gap_to_LB": 39.0,
  "solver_kind": "baseline_greedy",
  "baseline_order": "area_aspect_desc",
  "decode_cache_hits": 0.0,
  "decode_cache_misses": 2429.0,
  "decode_cache_entries": 2429.0,
  "micro_cache_hits": 410720.0,
  "micro_cache_misses": 314463.0,
  "micro_cache_entries": 314463.0,
  "solver_role": "",
  "solver_bundle": "",
  "preprocess_distinct_shapes": 1035,
  "preprocess_duplicate_parts": 1394,
  "preprocess_large_part_count": 965,
  "preprocess_strip_part_count": 175,
  "preprocess_quantized_parts": 0,
  "main_profile_tier": "base",
  "main_profile_n_parts": 2429,
  "main_profile_lb_area": 353,
  "resume_cache_hit": 0
}