board,n_parts,used_area,waste_area,board_area,U
1,5,819.0,81.0,900.0,0.91
2,5,781.0,119.0,900.0,0.8677777777777778
3,3,120.0,780.0,900.0,0.13333333333333333
