board,n_parts,used_area,waste_area,board_area,U
1,19,8511692.0,488308.0,9000000.0,0.9457435555555556
2,13,5803816.0,3196184.0,9000000.0,0.6448684444444445
