{
  "N_board": 175,
  "n_parts_sum": 1234,
  "used_area_sum": 468600933.04999995,
  "waste_area_sum": 52339066.95,
  "board_area_sum": 520940000.0,
  "U_avg": 0.8995295678005144,
  "U_avg_excl_last": 0.9005061016883052,
  "U_avg_excl_last2": 0.9032117936512498,
  "U_global": 0.8995295678005144,
  "U_last": 0.7296126713249127,
  "U_worst_excl_last": 0.4324213920988981,
  "U_best_board": 0.9806837879602257,
  "U_worst_board": 0.4324213920988981,
  "last2_used_equiv": 1.1620340634238109,
  "sparse_board_count": 1,
  "tail_waste_area": 804889.0,
  "case": "industrial_xlsx6_unbounded10seed_20260315__data3",
  "variant": "baseline_greedy",
  "seed": 1008,
  "N_input": 1234,
  "runtime_s": 0.0110015869140625,
  "part_area_sum": 468600933.04999995,
  "board_area_effective": 2940300.0,
  "LB_area": 160,
  "N_board_gap_to_LB": 15.0,
  "solver_kind": "baseline_greedy",
  "baseline_order": "area_aspect_desc",
  "decode_cache_hits": 0.0,
  "decode_cache_misses": 1234.0,
  "decode_cache_entries": 1234.0,
  "micro_cache_hits": 92917.0,
  "micro_cache_misses": 72150.0,
  "micro_cache_entries": 72150.0,
  "main_profile_tier": "base",
  "main_profile_n_parts": 1234,
  "main_profile_lb_area": 160,
  "result_source": "resume_cache",
  "resume_cache_hit": 1
}