board,n_parts,used_area,waste_area,board_area,U
1,9,2466.0,334.0,2800.0,0.8807142857142857
2,14,1878.0,922.0,2800.0,0.6707142857142857
