board,n_parts,used_area,waste_area,board_area,U
1,7,867.0,33.0,900.0,0.9633333333333334
2,8,616.0,284.0,900.0,0.6844444444444444
