board,n_parts,used_area,waste_area,board_area,U
1,7,851.0,49.0,900.0,0.9455555555555556
2,8,632.0,268.0,900.0,0.7022222222222222
