board,n_parts,used_area,waste_area,board_area,U
1,8,148.0,2.0,150.0,0.9866666666666667
2,7,142.0,8.0,150.0,0.9466666666666667
