board,n_parts,used_area,waste_area,board_area,U
1,5,224256.0,25744.0,250000.0,0.897024
2,4,220652.0,29348.0,250000.0,0.882608
3,1,100392.0,149608.0,250000.0,0.401568
