board,n_parts,used_area,waste_area,board_area,U
1,16,8056019.0,943981.0,9000000.0,0.8951132222222222
2,16,6259489.0,2740511.0,9000000.0,0.6954987777777778
