{
  "N_board": 239,
  "n_parts_sum": 2109,
  "used_area_sum": 677519206.5999999,
  "waste_area_sum": 33935993.39999999,
  "board_area_sum": 711455200.0,
  "U_avg": 0.9523005898333444,
  "U_avg_excl_last": 0.9537875009315739,
  "U_avg_excl_last2": 0.9541333422914987,
  "U_global": 0.9523005898333442,
  "U_last": 0.5984157484547165,
  "U_worst_excl_last": 0.8718230986294007,
  "U_best_board": 0.9847016930932545,
  "U_worst_board": 0.5984157484547165,
  "last2_used_equiv": 1.4702388470841172,
  "sparse_board_count": 0,
  "tail_waste_area": 1195436.0,
  "case": "paper_ablation_industrial_xlsx6_1seed_300s__data4",
  "variant": "baseline_greedy",
  "seed": 1000,
  "N_input": 2109,
  "runtime_s": 1.6075769999997647,
  "part_area_sum": 677519206.5999999,
  "board_area_effective": 2940300.0,
  "LB_area": 231,
  "N_board_gap_to_LB": 8.0,
  "solver_kind": "baseline_greedy",
  "baseline_order": "area_aspect_desc",
  "decode_cache_hits": 0.0,
  "decode_cache_misses": 2109.0,
  "decode_cache_entries": 2109.0,
  "micro_cache_hits": 195787.0,
  "micro_cache_misses": 206907.0,
  "micro_cache_entries": 206907.0,
  "solver_role": "",
  "solver_bundle": "",
  "preprocess_distinct_shapes": 1117,
  "preprocess_duplicate_parts": 992,
  "preprocess_large_part_count": 594,
  "preprocess_strip_part_count": 288,
  "preprocess_quantized_parts": 0,
  "main_profile_tier": "base",
  "main_profile_n_parts": 2109,
  "main_profile_lb_area": 231,
  "resume_cache_hit": 0
}