board,n_parts,used_area,waste_area,board_area,U
1,9,148.0,2.0,150.0,0.9866666666666667
2,7,77.0,73.0,150.0,0.5133333333333333
