board,n_parts,used_area,waste_area,board_area,U
1,2,152034.0,97966.0,250000.0,0.608136
2,4,220652.0,29348.0,250000.0,0.882608
3,4,172614.0,77386.0,250000.0,0.690456
