board,n_parts,used_area,waste_area,board_area,U
1,4,907611.0,92389.0,1000000.0,0.907611
2,5,904379.0,95621.0,1000000.0,0.904379
3,1,209840.0,790160.0,1000000.0,0.20984
