board,n_parts,used_area,waste_area,board_area,U
1,7,146.0,4.0,150.0,0.9733333333333334
2,7,128.0,22.0,150.0,0.8533333333333334
3,1,16.0,134.0,150.0,0.10666666666666667
