{
  "N_board": 151,
  "n_parts_sum": 1114,
  "used_area_sum": 416873795.1500001,
  "waste_area_sum": 32623004.849999994,
  "board_area_sum": 449496800.0,
  "U_avg": 0.9274232767619258,
  "U_avg_excl_last": 0.9311892102257457,
  "U_avg_excl_last2": 0.9320458799729091,
  "U_global": 0.927423276761926,
  "U_last": 0.3625332571889277,
  "U_worst_excl_last": 0.647484883095942,
  "U_best_board": 0.981285944638538,
  "U_worst_board": 0.3625332571889277,
  "last2_used_equiv": 1.1660786750873422,
  "sparse_board_count": 1,
  "tail_waste_area": 1897611.0,
  "case": "industrial_xlsx6_formal_3seed_1h_20260317__data6",
  "variant": "baseline_greedy",
  "seed": 1001,
  "N_input": 1114,
  "runtime_s": 1.0155363,
  "part_area_sum": 416873795.1500001,
  "board_area_effective": 2940300.0,
  "LB_area": 142,
  "N_board_gap_to_LB": 9.0,
  "solver_kind": "baseline_greedy",
  "baseline_order": "area_aspect_desc",
  "decode_cache_hits": 0.0,
  "decode_cache_misses": 1114.0,
  "decode_cache_entries": 1114.0,
  "micro_cache_hits": 68598.0,
  "micro_cache_misses": 60912.0,
  "micro_cache_entries": 60912.0,
  "main_profile_tier": "base",
  "main_profile_n_parts": 1114,
  "main_profile_lb_area": 142,
  "resume_cache_hit": 0
}