board,n_parts,used_area,waste_area,board_area,U
1,3,803417.0,196583.0,1000000.0,0.803417
2,4,836530.0,163470.0,1000000.0,0.83653
3,3,381883.0,618117.0,1000000.0,0.381883
