case,variant,seed,N_input,N_board,U_avg,U_avg_excl_last,U_avg_excl_last2,U_global,U_last,U_worst_excl_last,U_best_board,U_worst_board,last2_used_equiv,sparse_board_count,tail_waste_area,U_avg_pct,U_avg_excl_last_pct,U_avg_excl_last2_pct,U_global_pct,U_last_pct,U_worst_excl_last_pct,U_best_board_pct,U_worst_board_pct,runtime_s
generalization_public_1seed_300s__ngcut11,baseline_greedy,1000,15,2,0.8238888888888889,0.9455555555555556,0.9455555555555556,0.8238888888888889,0.7022222222222222,0.9455555555555556,0.9455555555555556,0.7022222222222222,1.6477777777777778,0,268.0,82.38888888888889,94.55555555555556,94.55555555555556,82.38888888888889,70.22222222222221,94.55555555555556,94.55555555555556,70.22222222222221,0.3684624000002259
generalization_public_1seed_300s__ngcut11,rh_mcts_prefix_beam,1000,15,2,0.8238888888888889,0.9633333333333334,0.9633333333333334,0.8238888888888889,0.6844444444444444,0.9633333333333334,0.9633333333333334,0.6844444444444444,1.6477777777777778,0,284.0,82.38888888888889,96.33333333333334,96.33333333333334,82.38888888888889,68.44444444444444,96.33333333333334,96.33333333333334,68.44444444444444,1.5747765999999501
generalization_public_1seed_300s__ngcut11,rh_mcts_ref,1000,15,2,0.8238888888888889,0.97,0.97,0.8238888888888889,0.6777777777777778,0.97,0.97,0.6777777777777778,1.6477777777777778,0,290.0,82.38888888888889,97.0,97.0,82.38888888888889,67.77777777777779,97.0,97.0,67.77777777777779,288.99717469999996
