board,n_parts,used_area,waste_area,board_area,U
1,13,2778.0,22.0,2800.0,0.9921428571428571
2,10,1566.0,1234.0,2800.0,0.5592857142857143
