variant,U_avg_excl_last2_pct_mean,U_avg_excl_last2_pct_std,U_avg_excl_last_pct_mean,U_avg_excl_last_pct_std,U_avg_pct_mean,U_avg_pct_std,U_best_board_pct_mean,U_best_board_pct_std,U_global_pct_mean,U_global_pct_std,U_last_pct_mean,U_last_pct_std,U_worst_board_pct_mean,U_worst_board_pct_std,U_worst_excl_last_pct_mean,U_worst_excl_last_pct_std,n
baseline_greedy,95.41333422914987,0.0,95.3787500931574,0.0,95.23005898333444,0.0,98.47016930932546,0.0,95.23005898333442,0.0,59.84157484547165,0.0,59.84157484547165,0.0,87.18230986294006,0.0,3
rh_mcts_ref,94.25515946934068,0.0033573467031857633,94.25068437038037,0.011309343436946324,94.04952106205343,0.0,98.4621069604945,0.0,94.04952106205342,8.204640795236539e-15,45.56916375526292,2.7255517683029153,45.56916375526292,2.7255517683029153,83.71405760100332,0.3430839195369468,3
rh_mcts_prefix_beam,95.38847488085072,0.0,95.34974257507358,0.0,95.23005898333444,0.0,98.47016930932546,0.0,95.23005898333446,0.0,66.7453641494222,0.0,66.7453641494222,0.0,81.22588013974737,0.0,3
