board,n_parts,used_area,waste_area,board_area,U
1,20,8556148.0,443852.0,9000000.0,0.9506831111111111
2,12,5759360.0,3240640.0,9000000.0,0.6399288888888889
