{
  "N_board": 343,
  "n_parts_sum": 2819,
  "used_area_sum": 936549313.3999996,
  "waste_area_sum": 84493086.59999998,
  "board_area_sum": 1021042400.0,
  "U_avg": 0.9172482096727814,
  "U_avg_excl_last": 0.9185858783559724,
  "U_avg_excl_last2": 0.9186047441366706,
  "U_global": 0.9172482096727811,
  "U_last": 0.4597655200214996,
  "U_worst_excl_last": 0.7133613276001075,
  "U_best_board": 0.9813914270357431,
  "U_worst_board": 0.4597655200214996,
  "last2_used_equiv": 1.3719181671593657,
  "sparse_board_count": 1,
  "tail_waste_area": 1608170.0,
  "case": "main_industrial_xlsx6_3seed_3600s__data1",
  "variant": "baseline_greedy",
  "seed": 1001,
  "N_input": 2819,
  "runtime_s": 9.022607000002608,
  "part_area_sum": 936549313.3999996,
  "board_area_effective": 2940300.0,
  "LB_area": 319,
  "N_board_gap_to_LB": 24.0,
  "solver_kind": "baseline_greedy",
  "baseline_order": "area_aspect_desc",
  "decode_cache_hits": 0.0,
  "decode_cache_misses": 2819.0,
  "decode_cache_entries": 2819.0,
  "micro_cache_hits": 408591.0,
  "micro_cache_misses": 331675.0,
  "micro_cache_entries": 331675.0,
  "solver_role": "",
  "solver_bundle": "",
  "preprocess_distinct_shapes": 1318,
  "preprocess_duplicate_parts": 1501,
  "preprocess_large_part_count": 786,
  "preprocess_strip_part_count": 207,
  "preprocess_quantized_parts": 0,
  "main_profile_tier": "base",
  "main_profile_n_parts": 2819,
  "main_profile_lb_area": 319,
  "resume_cache_hit": 0
}