{
  "N_board": 199,
  "n_parts_sum": 1649,
  "used_area_sum": 542491748.1000001,
  "waste_area_sum": 49891451.89999999,
  "board_area_sum": 592383200.0,
  "U_avg": 0.9157784152217686,
  "U_avg_excl_last": 0.9189392147760865,
  "U_avg_excl_last2": 0.9189788380395533,
  "U_global": 0.9157784152217688,
  "U_last": 0.28994010346681,
  "U_worst_excl_last": 0.4370851249664069,
  "U_best_board": 0.9834332168771835,
  "U_worst_board": 0.28994010346681,
  "last2_used_equiv": 1.2010735353399624,
  "sparse_board_count": 2,
  "tail_waste_area": 2113706.3,
  "case": "main_industrial_xlsx6_3seed_3600s__data5",
  "variant": "baseline_greedy",
  "seed": 1002,
  "N_input": 1649,
  "runtime_s": 3.998215400000845,
  "part_area_sum": 542491748.1000001,
  "board_area_effective": 2940300.0,
  "LB_area": 185,
  "N_board_gap_to_LB": 14.0,
  "solver_kind": "baseline_greedy",
  "baseline_order": "area_aspect_desc",
  "decode_cache_hits": 0.0,
  "decode_cache_misses": 1649.0,
  "decode_cache_entries": 1649.0,
  "micro_cache_hits": 139573.0,
  "micro_cache_misses": 116190.0,
  "micro_cache_entries": 116190.0,
  "solver_role": "",
  "solver_bundle": "",
  "preprocess_distinct_shapes": 775,
  "preprocess_duplicate_parts": 874,
  "preprocess_large_part_count": 452,
  "preprocess_strip_part_count": 162,
  "preprocess_quantized_parts": 0,
  "main_profile_tier": "base",
  "main_profile_n_parts": 1649,
  "main_profile_lb_area": 185,
  "resume_cache_hit": 0
}