board,n_parts,used_area,waste_area,board_area,U
1,5,149.0,1.0,150.0,0.9933333333333333
2,6,146.0,4.0,150.0,0.9733333333333334
3,3,58.0,92.0,150.0,0.38666666666666666
