board,n_parts,used_area,waste_area,board_area,U
1,6,818.0,82.0,900.0,0.9088888888888889
2,6,872.0,28.0,900.0,0.9688888888888889
3,1,30.0,870.0,900.0,0.03333333333333333
